<aetgt:getResponse xmlns:aetgt="http://schemas.active-endpoints.com/appmodules/repository/2010/10/avrepository.xsd"
                   xmlns:types1="http://schemas.active-endpoints.com/appmodules/repository/2010/10/avrepository.xsd">
   <types1:Item>
      <types1:EntryId>DEPOiVhC2g0aaaa-gt-58577-2025-02-07T05:28:41.474Z::tf.xml</types1:EntryId>
      <types1:Name>tf_Base_Taskflow</types1:Name>
      <types1:MimeType>application/xml+taskflow</types1:MimeType>
      <types1:Description/>
      <types1:AppliesTo/>
      <types1:Tags/>
      <types1:VersionLabel>1.0</types1:VersionLabel>
      <types1:State>CURRENT</types1:State>
      <types1:ProcessGroup/>
      <types1:CreatedBy>jbowring_APJS_tspod_SO</types1:CreatedBy>
      <types1:CreationDate>2025-02-07T05:28:41Z</types1:CreationDate>
      <types1:ModifiedBy/>
      <types1:PublicationStatus>unpublished</types1:PublicationStatus>
      <types1:Entry>
         <taskflow xmlns="http://schemas.active-endpoints.com/appmodules/screenflow/2010/10/avosScreenflow.xsd"
                   xmlns:tfm="http://schemas.active-endpoints.com/appmodules/screenflow/2021/04/taskflowModel.xsd"
                   xmlns:list="urn:activevos:spi:list:functions"
                   displayName="tf_Base_Taskflow"
                   name="tf_Base_Taskflow"
                   overrideAPIName="false">
            <parameterSet xmlns="http://schemas.active-endpoints.com/appmodules/screenflow/2021/04/taskflowModel.xsd"/>
            <appliesTo/>
            <description/>
            <tags/>
            <generator>Informatica Process Designer 11</generator>
            <notes/>
            <deployment skipIfRunning="false" suspendOnFault="false" tracingLevel="verbose">
               <rest/>
            </deployment>
            <extData>
               <nvpair name="treatEmptyStringAsNotNull">false</nvpair>
               <nvpair name="treatEmptyObjectListAsArray">false</nvpair>
            </extData>
            <flow id="a">
               <start id="b">
                  <link id="link1" targetId="c"/>
               </start>
               <end id="c"/>
            </flow>
         </taskflow>
      </types1:Entry>
      <types1:GUID>1qeDkFI4lOIhKwlp4Gz1OM</types1:GUID>
      <types1:DisplayName>tf_Base_Taskflow</types1:DisplayName>
   </types1:Item>
   <types1:CurrentServerDateTime>2025-02-07T05:29:29.149Z</types1:CurrentServerDateTime>
</aetgt:getResponse>
