<aetgt:getResponse xmlns:aetgt="http://schemas.active-endpoints.com/appmodules/repository/2010/10/avrepository.xsd"
                   xmlns:types1="http://schemas.active-endpoints.com/appmodules/repository/2010/10/avrepository.xsd">
   <types1:Item>
      <types1:EntryId>pJ7XhFtybduaa-gt-185706-2025-07-04T02:45:06.256Z::tf.xml</types1:EntryId>
      <types1:Name>tf_Base_Taskflow</types1:Name>
      <types1:MimeType>application/xml+taskflow</types1:MimeType>
      <types1:Description/>
      <types1:AppliesTo/>
      <types1:Tags/>
      <types1:VersionLabel>1.0</types1:VersionLabel>
      <types1:State>CURRENT</types1:State>
      <types1:ProcessGroup/>
      <types1:CreatedBy>jbowring_APJS_tspod_SO</types1:CreatedBy>
      <types1:CreationDate>2025-07-04T02:45:06Z</types1:CreationDate>
      <types1:ModifiedBy>jbowring_APJS_tspod_SO</types1:ModifiedBy>
      <types1:ModificationDate>2025-07-04T05:14:59Z</types1:ModificationDate>
      <types1:PublicationStatus>published</types1:PublicationStatus>
      <types1:PublishedBy>jbowring_APJS_tspod_SO</types1:PublishedBy>
      <types1:PublicationDate>2025-07-07T00:52:40Z</types1:PublicationDate>
      <types1:PublishedContributionId>project:/tf.tf_Base_Taskflow/tf_Base_Taskflow.tf.xml</types1:PublishedContributionId>
      <types1:Entry>
         <taskflow xmlns="http://schemas.active-endpoints.com/appmodules/screenflow/2010/10/avosScreenflow.xsd"
                   xmlns:tfm="http://schemas.active-endpoints.com/appmodules/screenflow/2021/04/taskflowModel.xsd"
                   xmlns:list="urn:activevos:spi:list:functions"
                   displayName="tf_Base_Taskflow"
                   name="tf_Base_Taskflow"
                   overrideAPIName="false">
            <parameterSet xmlns="http://schemas.active-endpoints.com/appmodules/screenflow/2021/04/taskflowModel.xsd"/>
            <appliesTo/>
            <description/>
            <tags/>
            <generator>Informatica Process Designer 11</generator>
            <tempFields>
               <field description=""
                      name="SDE_ORA_EmployeeDailySnapshotFact_2"
                      type="reference">
                  <options>
                     <option name="failOnNotRun">false</option>
                     <option name="failOnFault">false</option>
                     <option name="referenceTo">$po:SDE-ORA-EmployeeDailySnapshotFact-2-a0Ks8uNXYKLg38LRNzw6gv</option>
                  </options>
               </field>
            </tempFields>
            <notes/>
            <deployment skipIfRunning="false" suspendOnFault="false" tracingLevel="verbose">
               <rest/>
            </deployment>
            <extData>
               <nvpair name="treatEmptyStringAsNotNull">false</nvpair>
               <nvpair name="treatEmptyObjectListAsArray">false</nvpair>
            </extData>
            <flow id="a">
               <start id="b">
                  <link id="mcoczikm" targetId="mcoczil9"/>
               </start>
               <eventContainer id="mcoczil9">
                  <service id="mcoczikl">
                     <title>SDE_ORA_EmployeeDailySnapshotFact_2</title>
                     <serviceName>ICSExecuteDataTask</serviceName>
                     <serviceGUID/>
                     <serviceInput>
                        <parameter name="Wait for Task to Complete" source="constant" updatable="true">true</parameter>
                        <parameter name="Max Wait" source="constant" updatable="true">604800</parameter>
                        <parameter name="Task Name" source="constant" updatable="true">SDE_ORA_EmployeeDailySnapshotFact_2</parameter>
                        <parameter name="GUID" source="constant" updatable="true">a0Ks8uNXYKLg38LRNzw6gv</parameter>
                        <parameter name="Task Type" source="constant" updatable="true">MCT</parameter>
                        <parameter name="Has Inout Parameters" source="constant" updatable="true">false</parameter>
                        <parameter name="taskField" source="nested">
                           <operation source="field"
                                      to="SDE-ORA-EmployeeDailySnapshotFact-2-a0Ks8uNXYKLg38LRNzw6gv">temp.SDE_ORA_EmployeeDailySnapshotFact_2</operation>
                        </parameter>
                     </serviceInput>
                     <serviceOutput>
                        <operation source="field"
                                   to="temp.SDE_ORA_EmployeeDailySnapshotFact_2/output/Object_Name">Object Name</operation>
                        <operation source="field"
                                   to="temp.SDE_ORA_EmployeeDailySnapshotFact_2/output/Run_Id">Run Id</operation>
                        <operation source="field"
                                   to="temp.SDE_ORA_EmployeeDailySnapshotFact_2/output/Log_Id">Log Id</operation>
                        <operation source="field"
                                   to="temp.SDE_ORA_EmployeeDailySnapshotFact_2/output/Task_Id">Task Id</operation>
                        <operation source="field"
                                   to="temp.SDE_ORA_EmployeeDailySnapshotFact_2/output/Task_Status">Task Status</operation>
                        <operation source="field"
                                   to="temp.SDE_ORA_EmployeeDailySnapshotFact_2/output/Success_Source_Rows">Success Source Rows</operation>
                        <operation source="field"
                                   to="temp.SDE_ORA_EmployeeDailySnapshotFact_2/output/Failed_Source_Rows">Failed Source Rows</operation>
                        <operation source="field"
                                   to="temp.SDE_ORA_EmployeeDailySnapshotFact_2/output/Success_Target_Rows">Success Target Rows</operation>
                        <operation source="field"
                                   to="temp.SDE_ORA_EmployeeDailySnapshotFact_2/output/Failed_Target_Rows">Failed Target Rows</operation>
                        <operation source="field"
                                   to="temp.SDE_ORA_EmployeeDailySnapshotFact_2/output/Start_Time">Start Time</operation>
                        <operation source="field"
                                   to="temp.SDE_ORA_EmployeeDailySnapshotFact_2/output/End_Time">End Time</operation>
                        <operation source="field"
                                   to="temp.SDE_ORA_EmployeeDailySnapshotFact_2/output/Error_Message">Error Message</operation>
                        <operation source="field"
                                   to="temp.SDE_ORA_EmployeeDailySnapshotFact_2/output/TotalTransErrors">Total Transformation Errors</operation>
                        <operation source="field"
                                   to="temp.SDE_ORA_EmployeeDailySnapshotFact_2/output/FirstErrorCode">First Error Code</operation>
                     </serviceOutput>
                  </service>
                  <link id="mcoczikn" targetId="c"/>
                  <events>
                     <catch faultField="temp.SDE_ORA_EmployeeDailySnapshotFact_2/fault"
                            id="mcoczil7"
                            interrupting="true"
                            name="error">
                        <suspend/>
                     </catch>
                     <catch faultField="temp.SDE_ORA_EmployeeDailySnapshotFact_2/fault"
                            id="mcoczil8"
                            interrupting="true"
                            name="warning"/>
                  </events>
               </eventContainer>
               <end id="c"/>
            </flow>
            <dependencies>
               <processObject xmlns="http://schemas.active-endpoints.com/appmodules/screenflow/2011/06/avosHostEnvironment.xsd"
                              displayName="SDE-ORA-EmployeeDailySnapshotFact-2-a0Ks8uNXYKLg38LRNzw6gv"
                              isByCopy="true"
                              name="SDE-ORA-EmployeeDailySnapshotFact-2-a0Ks8uNXYKLg38LRNzw6gv">
                  <description/>
                  <tags/>
                  <detail>
                     <field label="TaskProperties Parameters"
                            name="taskProperties"
                            nullable="true"
                            required="false"
                            type="reference"/>
                     <field label="Output Parameters"
                            name="output"
                            nullable="true"
                            required="false"
                            type="reference"/>
                     <field label="Fault"
                            name="fault"
                            nullable="true"
                            required="false"
                            type="reference"/>
                     <field label="Max Wait (Seconds)"
                            name="Max_Wait"
                            nullable="true"
                            required="false"
                            type="int"/>
                  </detail>
               </processObject>
            </dependencies>
         </taskflow>
      </types1:Entry>
      <types1:GUID>0MMbu6TFO6Wfp2SONVzaQi</types1:GUID>
      <types1:DisplayName>tf_Base_Taskflow</types1:DisplayName>
   </types1:Item>
   <types1:CurrentServerDateTime>2025-07-07T00:56:41.763Z</types1:CurrentServerDateTime>
</aetgt:getResponse>
