{
  "name" : "tf_Base_Taskflow",
  "sourceOrgId" : "2lh8CM1r57OkWgGofQVMIk",
  "sourceOrgName" : "Jon Bowring Suborg",
  "exportedObjects" : [ {
    "objectGuid" : "1qeDkFI4lOIhKwlp4Gz1OM",
    "objectName" : "tf_Base_Taskflow",
    "objectType" : "TASKFLOW",
    "path" : "/Explore/Default",
    "metadata" : {
      "modelVersion" : {
        "major" : 1,
        "minor" : 0
      },
      "repoInfo" : {
        "repoHandle" : "DEPOiVhC2g0aaaa-gt-58577-2025-02-07T05:28:41.474Z::tf.xml"
      },
      "objectRefs" : [ ],
      "contextAttributes" : null,
      "additionalInfo" : {
        "description" : "",
        "contentType" : "application/json; charset=utf-8",
        "documentState" : "VALID"
      }
    }
  }, {
    "objectGuid" : "92TQndHw9hvjJrQafpLX2R",
    "objectName" : "Default",
    "objectType" : "Project",
    "path" : "/Explore",
    "metadata" : {
      "modelVersion" : {
        "major" : 0,
        "minor" : 0
      },
      "repoInfo" : null,
      "objectRefs" : [ ],
      "contextAttributes" : [ {
        "name" : "IS_DEF_LOC",
        "value" : "true"
      } ],
      "additionalInfo" : {
        "description" : "Auto-generated Default Project",
        "contentType" : null,
        "documentState" : "COMPLETE"
      }
    }
  } ]
}