{
  "name" : "tf_Example_Task_With_Param-1751941004913",
  "sourceOrgId" : "2lh8CM1r57OkWgGofQVMIk",
  "sourceOrgName" : "Jon Bowring Suborg",
  "exportedObjects" : [ {
    "objectGuid" : "eudRNHbxVQWcCDCImoOCgJ",
    "objectName" : "PLP_EmployeeMonthlySnapshot",
    "objectType" : "MTT",
    "path" : "/Explore/Default",
    "metadata" : {
      "modelVersion" : {
        "major" : 0,
        "minor" : 0
      },
      "repoInfo" : {
        "repoHandle" : "010SU10Z00000000009X"
      },
      "objectRefs" : [ ],
      "contextAttributes" : null,
      "additionalInfo" : {
        "description" : null,
        "contentType" : "JSON",
        "documentState" : "VALID"
      }
    }
  }, {
    "objectGuid" : "knEbEqB1zumcuhjPPcqagH",
    "objectName" : "tf_Example_Task_With_Param",
    "objectType" : "TASKFLOW",
    "path" : "/Explore/Default",
    "metadata" : {
      "modelVersion" : {
        "major" : 1,
        "minor" : 0
      },
      "repoInfo" : {
        "repoHandle" : "stGxV4AdypKwKBq-gt-293720-2025-07-08T02:13:43.305Z::tf.xml"
      },
      "objectRefs" : [ "eudRNHbxVQWcCDCImoOCgJ" ],
      "contextAttributes" : null,
      "additionalInfo" : {
        "description" : "",
        "contentType" : "application/json; charset=utf-8",
        "documentState" : "VALID"
      }
    }
  }, {
    "objectGuid" : "92TQndHw9hvjJrQafpLX2R",
    "objectName" : "Default",
    "objectType" : "Project",
    "path" : "/Explore",
    "metadata" : {
      "modelVersion" : {
        "major" : 0,
        "minor" : 0
      },
      "repoInfo" : null,
      "objectRefs" : [ ],
      "contextAttributes" : [ {
        "name" : "IS_DEF_LOC",
        "value" : "true"
      } ],
      "additionalInfo" : {
        "description" : "Auto-generated Default Project",
        "contentType" : null,
        "documentState" : "COMPLETE"
      }
    }
  } ]
}