{
  "name" : "tf_Command_Example-1751872583770",
  "sourceOrgId" : "2lh8CM1r57OkWgGofQVMIk",
  "sourceOrgName" : "Jon Bowring Suborg",
  "exportedObjects" : [ {
    "objectGuid" : "1vZJinnSn1mlPTzVChoY6V",
    "objectName" : "tf_Command_Example",
    "objectType" : "TASKFLOW",
    "path" : "/Explore/Default",
    "metadata" : {
      "modelVersion" : {
        "major" : 1,
        "minor" : 0
      },
      "repoInfo" : {
        "repoHandle" : "hrWvbeGoQwg74Rp-gt-266317-2025-07-07T07:13:20.113Z::tf.xml"
      },
      "objectRefs" : [ "cPbb2XLzpoweqfBP9W6kOJ" ],
      "contextAttributes" : null,
      "additionalInfo" : {
        "description" : "",
        "contentType" : "application/json; charset=utf-8",
        "documentState" : "VALID"
      }
    }
  }, {
    "objectGuid" : "92TQndHw9hvjJrQafpLX2R",
    "objectName" : "Default",
    "objectType" : "Project",
    "path" : "/Explore",
    "metadata" : {
      "modelVersion" : {
        "major" : 0,
        "minor" : 0
      },
      "repoInfo" : null,
      "objectRefs" : [ ],
      "contextAttributes" : [ {
        "name" : "IS_DEF_LOC",
        "value" : "true"
      } ],
      "additionalInfo" : {
        "description" : "Auto-generated Default Project",
        "contentType" : null,
        "documentState" : "COMPLETE"
      }
    }
  }, {
    "objectGuid" : "cPbb2XLzpoweqfBP9W6kOJ",
    "objectName" : "AUW487V7S3-AAD",
    "objectType" : "AgentGroup",
    "path" : "/SYS",
    "metadata" : {
      "modelVersion" : {
        "major" : 0,
        "minor" : 0
      },
      "repoInfo" : {
        "repoHandle" : "010SU125000000000002"
      },
      "objectRefs" : [ ],
      "contextAttributes" : null,
      "additionalInfo" : {
        "description" : null,
        "contentType" : "JSON",
        "documentState" : "VALID"
      }
    }
  } ]
}