<aetgt:getResponse xmlns:aetgt="http://schemas.active-endpoints.com/appmodules/repository/2010/10/avrepository.xsd"
                   xmlns:types1="http://schemas.active-endpoints.com/appmodules/repository/2010/10/avrepository.xsd">
   <types1:Item>
      <types1:EntryId>stGxV4AdypKwKBq-gt-293720-2025-07-08T02:13:43.305Z::tf.xml</types1:EntryId>
      <types1:Name>tf_Example_Task_With_Param</types1:Name>
      <types1:MimeType>application/xml+taskflow</types1:MimeType>
      <types1:Description/>
      <types1:AppliesTo/>
      <types1:Tags/>
      <types1:VersionLabel>1.0</types1:VersionLabel>
      <types1:State>CURRENT</types1:State>
      <types1:ProcessGroup/>
      <types1:CreatedBy>jbowring_APJS_tspod_SO</types1:CreatedBy>
      <types1:CreationDate>2025-07-08T02:13:43Z</types1:CreationDate>
      <types1:ModifiedBy/>
      <types1:PublicationStatus>published</types1:PublicationStatus>
      <types1:PublishedBy>jbowring_APJS_tspod_SO</types1:PublishedBy>
      <types1:PublicationDate>2025-07-08T02:14:39Z</types1:PublicationDate>
      <types1:PublishedContributionId>project:/tf.tf_Example_Task_With_Param/tf_Example_Task_With_Param.tf.xml</types1:PublishedContributionId>
      <types1:Entry>
         <taskflow xmlns="http://schemas.active-endpoints.com/appmodules/screenflow/2010/10/avosScreenflow.xsd"
                   xmlns:tfm="http://schemas.active-endpoints.com/appmodules/screenflow/2021/04/taskflowModel.xsd"
                   xmlns:list="urn:activevos:spi:list:functions"
                   displayName="tf_Example_Task_With_Param"
                   name="tf_Example_Task_With_Param"
                   overrideAPIName="false">
            <parameterSet xmlns="http://schemas.active-endpoints.com/appmodules/screenflow/2021/04/taskflowModel.xsd"/>
            <appliesTo/>
            <description/>
            <tags/>
            <generator>Informatica Process Designer 11</generator>
            <tempFields>
               <field description="" name="parameter_file" type="string">
                  <options>
                     <option name="required">false</option>
                     <option name="initialvalue">mt_Param_Example.param</option>
                     <option name="source">constant</option>
                  </options>
               </field>
               <field description="" name="parameter_directory" type="string">
                  <options>
                     <option name="required">false</option>
                     <option name="initialvalue">C:\Informatica\params</option>
                     <option name="source">constant</option>
                  </options>
               </field>
               <field description="" name="PLP_EmployeeMonthlySnapshot" type="reference">
                  <options>
                     <option name="failOnNotRun">false</option>
                     <option name="failOnFault">false</option>
                     <option name="referenceTo">$po:PLP-EmployeeMonthlySnapshot-eudRNHbxVQWcCDCImoOCgJ</option>
                  </options>
               </field>
            </tempFields>
            <notes/>
            <deployment skipIfRunning="false" suspendOnFault="false" tracingLevel="verbose">
               <rest/>
            </deployment>
            <extData>
               <nvpair name="treatEmptyStringAsNotNull">false</nvpair>
               <nvpair name="treatEmptyObjectListAsArray">false</nvpair>
            </extData>
            <flow id="a">
               <start id="b">
                  <link id="mctw96ts" targetId="mctw96uh"/>
               </start>
               <eventContainer id="mctw96uh">
                  <service id="mctw96tr">
                     <title>PLP_EmployeeMonthlySnapshot</title>
                     <serviceName>ICSExecuteDataTask</serviceName>
                     <serviceGUID/>
                     <serviceInput>
                        <parameter name="Wait for Task to Complete" source="constant" updatable="true">true</parameter>
                        <parameter name="Max Wait" source="constant" updatable="true">604800</parameter>
                        <parameter name="Task Name" source="constant" updatable="true">PLP_EmployeeMonthlySnapshot</parameter>
                        <parameter name="GUID" source="constant" updatable="true">eudRNHbxVQWcCDCImoOCgJ</parameter>
                        <parameter name="Task Type" source="constant" updatable="true">MCT</parameter>
                        <parameter name="Has Inout Parameters" source="constant" updatable="true">true</parameter>
                        <parameter name="taskField" source="nested">
                           <operation source="field" to="PLP-EmployeeMonthlySnapshot-eudRNHbxVQWcCDCImoOCgJ">temp.PLP_EmployeeMonthlySnapshot</operation>
                           <operation source="field"
                                      to="PLP-EmployeeMonthlySnapshot-eudRNHbxVQWcCDCImoOCgJ/taskProperties[1]/parameterFileDir">temp.parameter_directory</operation>
                           <operation source="field"
                                      to="PLP-EmployeeMonthlySnapshot-eudRNHbxVQWcCDCImoOCgJ/taskProperties[1]/parameterFileName">temp.parameter_file</operation>
                           <operation source="field"
                                      to="temp.PLP_EmployeeMonthlySnapshot[1]/taskProperties[1]/parameterFileDir">temp.parameter_directory</operation>
                           <operation source="field"
                                      to="temp.PLP_EmployeeMonthlySnapshot[1]/taskProperties[1]/parameterFileName">temp.parameter_file</operation>
                        </parameter>
                     </serviceInput>
                     <serviceOutput>
                        <operation source="field" to="temp.PLP_EmployeeMonthlySnapshot/output/Object_Name">Object Name</operation>
                        <operation source="field" to="temp.PLP_EmployeeMonthlySnapshot/output/Run_Id">Run Id</operation>
                        <operation source="field" to="temp.PLP_EmployeeMonthlySnapshot/output/Log_Id">Log Id</operation>
                        <operation source="field" to="temp.PLP_EmployeeMonthlySnapshot/output/Task_Id">Task Id</operation>
                        <operation source="field" to="temp.PLP_EmployeeMonthlySnapshot/output/Task_Status">Task Status</operation>
                        <operation source="field"
                                   to="temp.PLP_EmployeeMonthlySnapshot/output/Success_Source_Rows">Success Source Rows</operation>
                        <operation source="field"
                                   to="temp.PLP_EmployeeMonthlySnapshot/output/Failed_Source_Rows">Failed Source Rows</operation>
                        <operation source="field"
                                   to="temp.PLP_EmployeeMonthlySnapshot/output/Success_Target_Rows">Success Target Rows</operation>
                        <operation source="field"
                                   to="temp.PLP_EmployeeMonthlySnapshot/output/Failed_Target_Rows">Failed Target Rows</operation>
                        <operation source="field" to="temp.PLP_EmployeeMonthlySnapshot/output/Start_Time">Start Time</operation>
                        <operation source="field" to="temp.PLP_EmployeeMonthlySnapshot/output/End_Time">End Time</operation>
                        <operation source="field"
                                   to="temp.PLP_EmployeeMonthlySnapshot/output/Error_Message">Error Message</operation>
                        <operation source="field"
                                   to="temp.PLP_EmployeeMonthlySnapshot/output/TotalTransErrors">Total Transformation Errors</operation>
                        <operation source="field"
                                   to="temp.PLP_EmployeeMonthlySnapshot/output/FirstErrorCode">First Error Code</operation>
                        <operation source="field" to="temp.PLP_EmployeeMonthlySnapshot/inout/GRAIN">GRAIN</operation>
                     </serviceOutput>
                  </service>
                  <link id="mctw96tt" targetId="c"/>
                  <events>
                     <catch faultField="temp.PLP_EmployeeMonthlySnapshot/fault"
                            id="mctw96uf"
                            interrupting="true"
                            name="error">
                        <suspend/>
                     </catch>
                     <catch faultField="temp.PLP_EmployeeMonthlySnapshot/fault"
                            id="mctw96ug"
                            interrupting="true"
                            name="warning"/>
                  </events>
               </eventContainer>
               <end id="c"/>
            </flow>
            <dependencies>
               <processObject xmlns="http://schemas.active-endpoints.com/appmodules/screenflow/2011/06/avosHostEnvironment.xsd"
                              displayName="PLP-EmployeeMonthlySnapshot-eudRNHbxVQWcCDCImoOCgJ"
                              isByCopy="true"
                              name="PLP-EmployeeMonthlySnapshot-eudRNHbxVQWcCDCImoOCgJ">
                  <description/>
                  <tags/>
                  <detail>
                     <field label="InOut Parameters"
                            name="inout"
                            nullable="true"
                            required="false"
                            type="reference"/>
                     <field label="TaskProperties Parameters"
                            name="taskProperties"
                            nullable="true"
                            required="false"
                            type="reference"/>
                     <field label="Output Parameters"
                            name="output"
                            nullable="true"
                            required="false"
                            type="reference"/>
                     <field label="Fault"
                            name="fault"
                            nullable="true"
                            required="false"
                            type="reference"/>
                     <field label="Max Wait (Seconds)"
                            name="Max_Wait"
                            nullable="true"
                            required="false"
                            type="int"/>
                  </detail>
               </processObject>
            </dependencies>
         </taskflow>
      </types1:Entry>
      <types1:GUID>knEbEqB1zumcuhjPPcqagH</types1:GUID>
      <types1:DisplayName>tf_Example_Task_With_Param</types1:DisplayName>
   </types1:Item>
   <types1:CurrentServerDateTime>2025-07-08T02:17:02.49Z</types1:CurrentServerDateTime>
</aetgt:getResponse>
