<aetgt:getResponse xmlns:aetgt="http://schemas.active-endpoints.com/appmodules/repository/2010/10/avrepository.xsd"
                   xmlns:types1="http://schemas.active-endpoints.com/appmodules/repository/2010/10/avrepository.xsd">
   <types1:Item>
      <types1:EntryId>pMgqdsQR6kbeJHQ-gt-250202-2025-07-07T03:48:15.257Z::tf.xml</types1:EntryId>
      <types1:Name>tf_Parallel_Path</types1:Name>
      <types1:MimeType>application/xml+taskflow</types1:MimeType>
      <types1:Description/>
      <types1:AppliesTo/>
      <types1:Tags/>
      <types1:VersionLabel>1.0</types1:VersionLabel>
      <types1:State>CURRENT</types1:State>
      <types1:ProcessGroup/>
      <types1:CreatedBy>jbowring_APJS_tspod_SO</types1:CreatedBy>
      <types1:CreationDate>2025-07-07T03:48:15Z</types1:CreationDate>
      <types1:ModifiedBy/>
      <types1:PublicationStatus>unpublished</types1:PublicationStatus>
      <types1:Entry>
         <taskflow xmlns="http://schemas.active-endpoints.com/appmodules/screenflow/2010/10/avosScreenflow.xsd"
                   xmlns:tfm="http://schemas.active-endpoints.com/appmodules/screenflow/2021/04/taskflowModel.xsd"
                   xmlns:list="urn:activevos:spi:list:functions"
                   displayName="tf_Parallel_Path"
                   name="tf_Parallel_Path"
                   overrideAPIName="false">
            <parameterSet xmlns="http://schemas.active-endpoints.com/appmodules/screenflow/2021/04/taskflowModel.xsd"/>
            <appliesTo/>
            <description/>
            <tags/>
            <generator>Informatica Process Designer 11</generator>
            <tempFields>
               <field description=""
                      name="SDE_ORA_EmployeeDailySnapshotFact_2"
                      type="reference">
                  <options>
                     <option name="failOnNotRun">false</option>
                     <option name="failOnFault">false</option>
                     <option name="referenceTo">$po:SDE-ORA-EmployeeDailySnapshotFact-2-a0Ks8uNXYKLg38LRNzw6gv</option>
                  </options>
               </field>
               <field description=""
                      name="SDE_ORA_EmployeeDailySnapshotFact_3"
                      type="reference">
                  <options>
                     <option name="failOnNotRun">false</option>
                     <option name="failOnFault">false</option>
                     <option name="referenceTo">$po:SDE-ORA-EmployeeDailySnapshotFact-3-8gORkCCxfM8hk1VxABRRqd</option>
                  </options>
               </field>
               <field description=""
                      name="SDE_ORA_EmployeeDailySnapshotFact_4"
                      type="reference">
                  <options>
                     <option name="failOnNotRun">false</option>
                     <option name="failOnFault">false</option>
                     <option name="referenceTo">$po:SDE-ORA-EmployeeDailySnapshotFact-4-6vPlMGJ7sw6juVvUtKpxYq</option>
                  </options>
               </field>
            </tempFields>
            <notes/>
            <deployment skipIfRunning="false" suspendOnFault="false" tracingLevel="verbose">
               <rest/>
            </deployment>
            <extData>
               <nvpair name="treatEmptyStringAsNotNull">false</nvpair>
               <nvpair name="treatEmptyObjectListAsArray">false</nvpair>
            </extData>
            <flow id="a">
               <start id="b">
                  <link id="mcsk7lol" targetId="mcsk7lok"/>
               </start>
               <container id="mcsk7lok" type="parallel">
                  <title>Parallel Paths 1</title>
                  <flow id="mcsk7loo">
                     <eventContainer id="mcsk7lpa">
                        <service id="mcsk7lp3">
                           <title>SDE_ORA_EmployeeDailySnapshotFact_2</title>
                           <serviceName>ICSExecuteDataTask</serviceName>
                           <serviceGUID/>
                           <serviceInput>
                              <parameter name="Wait for Task to Complete" source="constant" updatable="true">true</parameter>
                              <parameter name="Max Wait" source="constant" updatable="true">604800</parameter>
                              <parameter name="Task Name" source="constant" updatable="true">SDE_ORA_EmployeeDailySnapshotFact_2</parameter>
                              <parameter name="GUID" source="constant" updatable="true">a0Ks8uNXYKLg38LRNzw6gv</parameter>
                              <parameter name="Task Type" source="constant" updatable="true">MCT</parameter>
                              <parameter name="Has Inout Parameters" source="constant" updatable="true">false</parameter>
                              <parameter name="taskField" source="nested">
                                 <operation source="field"
                                            to="SDE-ORA-EmployeeDailySnapshotFact-2-a0Ks8uNXYKLg38LRNzw6gv">temp.SDE_ORA_EmployeeDailySnapshotFact_2</operation>
                              </parameter>
                           </serviceInput>
                           <serviceOutput>
                              <operation source="field"
                                         to="temp.SDE_ORA_EmployeeDailySnapshotFact_2/output/Object_Name">Object Name</operation>
                              <operation source="field"
                                         to="temp.SDE_ORA_EmployeeDailySnapshotFact_2/output/Run_Id">Run Id</operation>
                              <operation source="field"
                                         to="temp.SDE_ORA_EmployeeDailySnapshotFact_2/output/Log_Id">Log Id</operation>
                              <operation source="field"
                                         to="temp.SDE_ORA_EmployeeDailySnapshotFact_2/output/Task_Id">Task Id</operation>
                              <operation source="field"
                                         to="temp.SDE_ORA_EmployeeDailySnapshotFact_2/output/Task_Status">Task Status</operation>
                              <operation source="field"
                                         to="temp.SDE_ORA_EmployeeDailySnapshotFact_2/output/Success_Source_Rows">Success Source Rows</operation>
                              <operation source="field"
                                         to="temp.SDE_ORA_EmployeeDailySnapshotFact_2/output/Failed_Source_Rows">Failed Source Rows</operation>
                              <operation source="field"
                                         to="temp.SDE_ORA_EmployeeDailySnapshotFact_2/output/Success_Target_Rows">Success Target Rows</operation>
                              <operation source="field"
                                         to="temp.SDE_ORA_EmployeeDailySnapshotFact_2/output/Failed_Target_Rows">Failed Target Rows</operation>
                              <operation source="field"
                                         to="temp.SDE_ORA_EmployeeDailySnapshotFact_2/output/Start_Time">Start Time</operation>
                              <operation source="field"
                                         to="temp.SDE_ORA_EmployeeDailySnapshotFact_2/output/End_Time">End Time</operation>
                              <operation source="field"
                                         to="temp.SDE_ORA_EmployeeDailySnapshotFact_2/output/Error_Message">Error Message</operation>
                              <operation source="field"
                                         to="temp.SDE_ORA_EmployeeDailySnapshotFact_2/output/TotalTransErrors">Total Transformation Errors</operation>
                              <operation source="field"
                                         to="temp.SDE_ORA_EmployeeDailySnapshotFact_2/output/FirstErrorCode">First Error Code</operation>
                           </serviceOutput>
                        </service>
                        <events>
                           <catch faultField="temp.SDE_ORA_EmployeeDailySnapshotFact_2/fault"
                                  id="mcsk7lp8"
                                  interrupting="true"
                                  name="error">
                              <suspend/>
                           </catch>
                           <catch faultField="temp.SDE_ORA_EmployeeDailySnapshotFact_2/fault"
                                  id="mcsk7lp9"
                                  interrupting="true"
                                  name="warning"/>
                        </events>
                     </eventContainer>
                     <link id="mcsk7lop" targetId="mcsk7lok" type="containerLink"/>
                  </flow>
                  <flow id="mcsk7lor">
                     <eventContainer id="mcsk7lqq">
                        <service id="mcsk7lqj">
                           <title>SDE_ORA_EmployeeDailySnapshotFact_3</title>
                           <serviceName>ICSExecuteDataTask</serviceName>
                           <serviceGUID/>
                           <serviceInput>
                              <parameter name="Wait for Task to Complete" source="constant" updatable="true">true</parameter>
                              <parameter name="Max Wait" source="constant" updatable="true">604800</parameter>
                              <parameter name="Task Name" source="constant" updatable="true">SDE_ORA_EmployeeDailySnapshotFact_3</parameter>
                              <parameter name="GUID" source="constant" updatable="true">8gORkCCxfM8hk1VxABRRqd</parameter>
                              <parameter name="Task Type" source="constant" updatable="true">MCT</parameter>
                              <parameter name="Has Inout Parameters" source="constant" updatable="true">false</parameter>
                              <parameter name="taskField" source="nested">
                                 <operation source="field"
                                            to="SDE-ORA-EmployeeDailySnapshotFact-3-8gORkCCxfM8hk1VxABRRqd">temp.SDE_ORA_EmployeeDailySnapshotFact_3</operation>
                              </parameter>
                           </serviceInput>
                           <serviceOutput>
                              <operation source="field"
                                         to="temp.SDE_ORA_EmployeeDailySnapshotFact_3/output/Object_Name">Object Name</operation>
                              <operation source="field"
                                         to="temp.SDE_ORA_EmployeeDailySnapshotFact_3/output/Run_Id">Run Id</operation>
                              <operation source="field"
                                         to="temp.SDE_ORA_EmployeeDailySnapshotFact_3/output/Log_Id">Log Id</operation>
                              <operation source="field"
                                         to="temp.SDE_ORA_EmployeeDailySnapshotFact_3/output/Task_Id">Task Id</operation>
                              <operation source="field"
                                         to="temp.SDE_ORA_EmployeeDailySnapshotFact_3/output/Task_Status">Task Status</operation>
                              <operation source="field"
                                         to="temp.SDE_ORA_EmployeeDailySnapshotFact_3/output/Success_Source_Rows">Success Source Rows</operation>
                              <operation source="field"
                                         to="temp.SDE_ORA_EmployeeDailySnapshotFact_3/output/Failed_Source_Rows">Failed Source Rows</operation>
                              <operation source="field"
                                         to="temp.SDE_ORA_EmployeeDailySnapshotFact_3/output/Success_Target_Rows">Success Target Rows</operation>
                              <operation source="field"
                                         to="temp.SDE_ORA_EmployeeDailySnapshotFact_3/output/Failed_Target_Rows">Failed Target Rows</operation>
                              <operation source="field"
                                         to="temp.SDE_ORA_EmployeeDailySnapshotFact_3/output/Start_Time">Start Time</operation>
                              <operation source="field"
                                         to="temp.SDE_ORA_EmployeeDailySnapshotFact_3/output/End_Time">End Time</operation>
                              <operation source="field"
                                         to="temp.SDE_ORA_EmployeeDailySnapshotFact_3/output/Error_Message">Error Message</operation>
                              <operation source="field"
                                         to="temp.SDE_ORA_EmployeeDailySnapshotFact_3/output/TotalTransErrors">Total Transformation Errors</operation>
                              <operation source="field"
                                         to="temp.SDE_ORA_EmployeeDailySnapshotFact_3/output/FirstErrorCode">First Error Code</operation>
                           </serviceOutput>
                        </service>
                        <events>
                           <catch faultField="temp.SDE_ORA_EmployeeDailySnapshotFact_3/fault"
                                  id="mcsk7lqo"
                                  interrupting="true"
                                  name="error">
                              <suspend/>
                           </catch>
                           <catch faultField="temp.SDE_ORA_EmployeeDailySnapshotFact_3/fault"
                                  id="mcsk7lqp"
                                  interrupting="true"
                                  name="warning"/>
                        </events>
                     </eventContainer>
                     <link id="mcsk7los" targetId="mcsk7lok" type="containerLink"/>
                  </flow>
                  <flow id="mcsk7low">
                     <eventContainer id="mcsk7ls6">
                        <service id="mcsk7lrz">
                           <title>SDE_ORA_EmployeeDailySnapshotFact_4</title>
                           <serviceName>ICSExecuteDataTask</serviceName>
                           <serviceGUID/>
                           <serviceInput>
                              <parameter name="Wait for Task to Complete" source="constant" updatable="true">true</parameter>
                              <parameter name="Max Wait" source="constant" updatable="true">604800</parameter>
                              <parameter name="Task Name" source="constant" updatable="true">SDE_ORA_EmployeeDailySnapshotFact_4</parameter>
                              <parameter name="GUID" source="constant" updatable="true">6vPlMGJ7sw6juVvUtKpxYq</parameter>
                              <parameter name="Task Type" source="constant" updatable="true">MCT</parameter>
                              <parameter name="Has Inout Parameters" source="constant" updatable="true">false</parameter>
                              <parameter name="taskField" source="nested">
                                 <operation source="field"
                                            to="SDE-ORA-EmployeeDailySnapshotFact-4-6vPlMGJ7sw6juVvUtKpxYq">temp.SDE_ORA_EmployeeDailySnapshotFact_4</operation>
                              </parameter>
                           </serviceInput>
                           <serviceOutput>
                              <operation source="field"
                                         to="temp.SDE_ORA_EmployeeDailySnapshotFact_4/output/Object_Name">Object Name</operation>
                              <operation source="field"
                                         to="temp.SDE_ORA_EmployeeDailySnapshotFact_4/output/Run_Id">Run Id</operation>
                              <operation source="field"
                                         to="temp.SDE_ORA_EmployeeDailySnapshotFact_4/output/Log_Id">Log Id</operation>
                              <operation source="field"
                                         to="temp.SDE_ORA_EmployeeDailySnapshotFact_4/output/Task_Id">Task Id</operation>
                              <operation source="field"
                                         to="temp.SDE_ORA_EmployeeDailySnapshotFact_4/output/Task_Status">Task Status</operation>
                              <operation source="field"
                                         to="temp.SDE_ORA_EmployeeDailySnapshotFact_4/output/Success_Source_Rows">Success Source Rows</operation>
                              <operation source="field"
                                         to="temp.SDE_ORA_EmployeeDailySnapshotFact_4/output/Failed_Source_Rows">Failed Source Rows</operation>
                              <operation source="field"
                                         to="temp.SDE_ORA_EmployeeDailySnapshotFact_4/output/Success_Target_Rows">Success Target Rows</operation>
                              <operation source="field"
                                         to="temp.SDE_ORA_EmployeeDailySnapshotFact_4/output/Failed_Target_Rows">Failed Target Rows</operation>
                              <operation source="field"
                                         to="temp.SDE_ORA_EmployeeDailySnapshotFact_4/output/Start_Time">Start Time</operation>
                              <operation source="field"
                                         to="temp.SDE_ORA_EmployeeDailySnapshotFact_4/output/End_Time">End Time</operation>
                              <operation source="field"
                                         to="temp.SDE_ORA_EmployeeDailySnapshotFact_4/output/Error_Message">Error Message</operation>
                              <operation source="field"
                                         to="temp.SDE_ORA_EmployeeDailySnapshotFact_4/output/TotalTransErrors">Total Transformation Errors</operation>
                              <operation source="field"
                                         to="temp.SDE_ORA_EmployeeDailySnapshotFact_4/output/FirstErrorCode">First Error Code</operation>
                           </serviceOutput>
                        </service>
                        <events>
                           <catch faultField="temp.SDE_ORA_EmployeeDailySnapshotFact_4/fault"
                                  id="mcsk7ls4"
                                  interrupting="true"
                                  name="error">
                              <suspend/>
                           </catch>
                           <catch faultField="temp.SDE_ORA_EmployeeDailySnapshotFact_4/fault"
                                  id="mcsk7ls5"
                                  interrupting="true"
                                  name="warning"/>
                        </events>
                     </eventContainer>
                     <link id="mcsk7lox" targetId="mcsk7lok" type="containerLink"/>
                  </flow>
                  <link id="mcsk7lon" targetId="mcsk7loo" type="containerLink"/>
                  <link id="mcsk7loq" targetId="mcsk7lor" type="containerLink"/>
                  <link id="mcsk7lov" targetId="mcsk7low" type="containerLink"/>
                  <link id="mcsk7lom" targetId="c"/>
               </container>
               <end id="c"/>
            </flow>
            <dependencies>
               <processObject xmlns="http://schemas.active-endpoints.com/appmodules/screenflow/2011/06/avosHostEnvironment.xsd"
                              displayName="SDE-ORA-EmployeeDailySnapshotFact-2-a0Ks8uNXYKLg38LRNzw6gv"
                              isByCopy="true"
                              name="SDE-ORA-EmployeeDailySnapshotFact-2-a0Ks8uNXYKLg38LRNzw6gv">
                  <description/>
                  <tags/>
                  <detail>
                     <field label="TaskProperties Parameters"
                            name="taskProperties"
                            nullable="true"
                            required="false"
                            type="reference"/>
                     <field label="Output Parameters"
                            name="output"
                            nullable="true"
                            required="false"
                            type="reference"/>
                     <field label="Fault"
                            name="fault"
                            nullable="true"
                            required="false"
                            type="reference"/>
                     <field label="Max Wait (Seconds)"
                            name="Max_Wait"
                            nullable="true"
                            required="false"
                            type="int"/>
                  </detail>
               </processObject>
               <processObject xmlns="http://schemas.active-endpoints.com/appmodules/screenflow/2011/06/avosHostEnvironment.xsd"
                              displayName="SDE-ORA-EmployeeDailySnapshotFact-3-8gORkCCxfM8hk1VxABRRqd"
                              isByCopy="true"
                              name="SDE-ORA-EmployeeDailySnapshotFact-3-8gORkCCxfM8hk1VxABRRqd">
                  <description/>
                  <tags/>
                  <detail>
                     <field label="TaskProperties Parameters"
                            name="taskProperties"
                            nullable="true"
                            required="false"
                            type="reference"/>
                     <field label="Output Parameters"
                            name="output"
                            nullable="true"
                            required="false"
                            type="reference"/>
                     <field label="Fault"
                            name="fault"
                            nullable="true"
                            required="false"
                            type="reference"/>
                     <field label="Max Wait (Seconds)"
                            name="Max_Wait"
                            nullable="true"
                            required="false"
                            type="int"/>
                  </detail>
               </processObject>
               <processObject xmlns="http://schemas.active-endpoints.com/appmodules/screenflow/2011/06/avosHostEnvironment.xsd"
                              displayName="SDE-ORA-EmployeeDailySnapshotFact-4-6vPlMGJ7sw6juVvUtKpxYq"
                              isByCopy="true"
                              name="SDE-ORA-EmployeeDailySnapshotFact-4-6vPlMGJ7sw6juVvUtKpxYq">
                  <description/>
                  <tags/>
                  <detail>
                     <field label="TaskProperties Parameters"
                            name="taskProperties"
                            nullable="true"
                            required="false"
                            type="reference"/>
                     <field label="Output Parameters"
                            name="output"
                            nullable="true"
                            required="false"
                            type="reference"/>
                     <field label="Fault"
                            name="fault"
                            nullable="true"
                            required="false"
                            type="reference"/>
                     <field label="Max Wait (Seconds)"
                            name="Max_Wait"
                            nullable="true"
                            required="false"
                            type="int"/>
                  </detail>
               </processObject>
            </dependencies>
         </taskflow>
      </types1:Entry>
      <types1:GUID>0BIkznKY9oVep0gwf1Au6Y</types1:GUID>
      <types1:DisplayName>tf_Parallel_Path</types1:DisplayName>
   </types1:Item>
   <types1:CurrentServerDateTime>2025-07-07T03:48:59.897Z</types1:CurrentServerDateTime>
</aetgt:getResponse>
