{"annotations":[],"baseURI":null,"id":"Projects(92TQndHw9hvjJrQafpLX2R)","title":null,"associationLinks":[],"navigationLinks":[],"type":"OData.frs.Project","editLink":null,"mediaEditLinks":[],"operations":[],"properties":[{"annotations":[],"valueType":"PRIMITIVE","value":"92TQndHw9hvjJrQafpLX2R","type":null,"name":"id","operations":[],"null":false,"primitive":true,"enum":false,"collection":false,"geospatial":false,"complex":false},{"annotations":[],"valueType":"PRIMITIVE","value":"Default","type":null,"name":"name","operations":[],"null":false,"primitive":true,"enum":false,"collection":false,"geospatial":false,"complex":false},{"annotations":[],"valueType":"PRIMITIVE","value":"Auto-generated Default Project","type":null,"name":"description","operations":[],"null":false,"primitive":true,"enum":false,"collection":false,"geospatial":false,"complex":false},{"annotations":[],"valueType":"PRIMITIVE","value":"2xp4SGo2bRMjQ7uQ9bpUU6","type":null,"name":"owner","operations":[],"null":false,"primitive":true,"enum":false,"collection":false,"geospatial":false,"complex":false},{"annotations":[],"valueType":"PRIMITIVE","value":"2xp4SGo2bRMjQ7uQ9bpUU6","type":null,"name":"createdBy","operations":[],"null":false,"primitive":true,"enum":false,"collection":false,"geospatial":false,"complex":false},{"annotations":[],"valueType":"PRIMITIVE","value":"2xp4SGo2bRMjQ7uQ9bpUU6","type":null,"name":"lastUpdatedBy","operations":[],"null":false,"primitive":true,"enum":false,"collection":false,"geospatial":false,"complex":false},{"annotations":[],"valueType":"PRIMITIVE","value":"4bZsuCVxyhdghx5QkujrEb","type":null,"name":"lastAccessedBy","operations":[],"null":false,"primitive":true,"enum":false,"collection":false,"geospatial":false,"complex":false},{"annotations":[],"valueType":"PRIMITIVE","value":"2023-07-14T12:19:19.000Z","type":null,"name":"createdTime","operations":[],"null":false,"primitive":true,"enum":false,"collection":false,"geospatial":false,"complex":false},{"annotations":[],"valueType":"PRIMITIVE","value":"2023-07-14T12:19:19.000Z","type":null,"name":"lastUpdatedTime","operations":[],"null":false,"primitive":true,"enum":false,"collection":false,"geospatial":false,"complex":false},{"annotations":[],"valueType":"PRIMITIVE","value":"2025-02-17T02:25:33.000Z","type":null,"name":"lastAccessedTime","operations":[],"null":false,"primitive":true,"enum":false,"collection":false,"geospatial":false,"complex":false},{"annotations":[],"valueType":"PRIMITIVE","value":"2038-01-18T00:00:00.000Z","type":null,"name":"expiresBy","operations":[],"null":false,"primitive":true,"enum":false,"collection":false,"geospatial":false,"complex":false},{"annotations":[],"valueType":"PRIMITIVE","value":"Project","type":null,"name":"documentType","operations":[],"null":false,"primitive":true,"enum":false,"collection":false,"geospatial":false,"complex":false},{"annotations":[],"valueType":"PRIMITIVE","value":null,"type":null,"name":"contentType","operations":[],"null":true,"primitive":true,"enum":false,"collection":false,"geospatial":false,"complex":false},{"annotations":[],"valueType":"PRIMITIVE","value":"COMPLETE","type":null,"name":"documentState","operations":[],"null":false,"primitive":true,"enum":false,"collection":false,"geospatial":false,"complex":false},{"annotations":[],"valueType":"PRIMITIVE","value":"org","type":null,"name":"aclRule","operations":[],"null":false,"primitive":true,"enum":false,"collection":false,"geospatial":false,"complex":false},{"annotations":[],"valueType":"PRIMITIVE","value":8,"type":null,"name":"subcontainerCount","operations":[],"null":false,"primitive":true,"enum":false,"collection":false,"geospatial":false,"complex":false},{"annotations":[],"valueType":"COMPLEX","value":null,"type":null,"name":"customAttributes","operations":[],"null":true,"primitive":false,"enum":false,"collection":false,"geospatial":false,"complex":true},{"annotations":[],"valueType":"COMPLEX","value":null,"type":null,"name":"repoInfo","operations":[],"null":true,"primitive":false,"enum":false,"collection":false,"geospatial":false,"complex":true},{"annotations":[],"valueType":"COLLECTION_COMPLEX","value":[{"annotations":[],"baseURI":null,"id":null,"title":null,"associationLinks":[],"navigationLinks":[],"value":[{"annotations":[],"valueType":"PRIMITIVE","value":"7cCn5thwWFLhiZoSosphKL","type":null,"name":"parentId","operations":[],"null":false,"primitive":true,"enum":false,"collection":false,"geospatial":false,"complex":false},{"annotations":[],"valueType":"PRIMITIVE","value":"REG","type":null,"name":"parentName","operations":[],"null":false,"primitive":true,"enum":false,"collection":false,"geospatial":false,"complex":false},{"annotations":[],"valueType":"PRIMITIVE","value":"Space","type":null,"name":"parentType","operations":[],"null":false,"primitive":true,"enum":false,"collection":false,"geospatial":false,"complex":false}],"typeName":null,"navigationBindings":[]}],"type":null,"name":"parentInfo","operations":[],"null":false,"primitive":false,"enum":false,"collection":true,"geospatial":false,"complex":true}],"mediaContentSource":null,"mediaContentType":null,"mediaETag":null,"etag":null,"selfLink":null,"mediaEntity":false,"navigationBindings":[]}